id,trigger,conditions,script,text,options,notes
#Ast,,,,,,
,,,,,,
BMS_AstAskForSupplies,PopulateOptions,"$market.id == Moonial_market
$id== BMS_Ast",,,"1:BMS_AstAskForSupplies:""Could you give me some free supplies?""",
BMS_AstAskForSuppliesOption,DialogOptionSelected,$option == BMS_AstAskForSupplies,"AddRemoveCommodity supplies 20
$gavePlayerFreeSupplies = true 3
FireAll PopulateOptions","""Oh you need more? Well, but of course, just got to put in a bit of my personal stash. To adventure, fellow explorer.""",,
BMS_AstAskForSuppliesDenied,DialogOptionSelected,"$gavePlayerFreeSupplies
!$gavePlayerBigLoad
$option == BMS_AstAskForSupplies",,"""Captain, you want more? that�s quite greedy. Let�s see how much you want it then.""
""Come over here, i have a use for your mouth""","1:BMS_Beggingforit:�Go down into his house� 
2:BMS_notsure:""I would rather not.""",This is where I am rewriting text checkpoint
BMS_Beggingforit,DialogOptionSelected,$option == BMS_Beggingforit,"AddRemoveCommodity supplies 50
$gavePlayerBigLoad = True 30
$gavePlayerBigLoadfirst = true
AdjustRepActivePerson 2
FireAll PopulateOptions","Your shuttle goes down into the planet and towards the Grandmaster�s house. As a set of guards let you enter his residence, you realize you sold yourself cheap.
You don�t get a lot of time to think about it as the moment you�re in his room, you find yourself pushed onto your knees, giving a enthusiastic service, bobbing your head up and down across his meat.
""It seems you�re hungry for it?"" Ast smirks full of unbridled confidence ""How does it feel, are you enjoying it?""
He lets you set the pace, and you take advantage of it, trying to lap up every little bit of delicious pre out of him, your dedication manages to force him to let out a quick yap.
""Do..n�t think it is that easy�"" He manages to stammer out as you increase your greedy service, when suddenly he pulls your hair and pushes down, you have just a second to register it when it starts to fill your mouth up, it is salty and warm, and yey it never seems to stop coming out. You�re left in that position for what seems like an eternity, an unending tide of cum washing over your mouth, until finally it subsides.
""That was great, if you need some help another time, you know who to call."" With your business done, you return to your shuttle.
It was a bit rough, but atleast you got your supplies, right?",,
BMS_BeggingforitSeconds,DialogOptionSelected,"$gavePlayerBigLoadfirst == true
$option == BMS_Beggingforit","AddRemoveCommodity supplies 50
$gavePlayerBigLoad = True 30
$gavePlayerBigLoadfirst = true
AdjustRepActivePerson 2
FireAll PopulateOptions","Your shuttle goes down again, you seem to already know the way. As you make your way towards the entrance, you realize you sold yourself so cheap one more time.
You don�t get a lot of time to think about it, as the moment you�re in his room,you can see him eagerly waiting for you, Ast simply signals down and you go down once again.
""You seem so needy, couldn�t live without it? Right?"" Ast has this air of cockyness around him ""Well, It would be cruel to deny you the help you crave, let�s have some fun""
This time, he is meticulous, holding your head just far enough that you can take in what you�re about to do. His throbbing length, a monument to depravity so tantalizing close and so eager to play.

You can feel the deep aroma that it makes from here, drolling for just one taste of it. You try to go for it, but he swats you down ""Hey, first I want some work done over here""as he pushes your head towards his balls.
Taking the opportunity, you start massaging both of them, your mind focused on the load that they are getting ready for you. You gradually work your way up, swapping between them and trying to go higher.
As you expertly juggle this act, he starts to break his facade, moaning and wimping, as you�re about to tease him about it, he pulls you in and shuts you up with some deep thrusting into your mouth.
As your brain is still understanding the tremors of his humping, your mouth recieves a shockwave of a pretty recognizable taste.
His manhood is down your throat and depositing seed into your vowels, as your mind is unable to do more than stay put and take it, his overflowing spunk just filling every crevice it finds, until he pulls out.
A few of the drops drip into your face, that you diligently lap up, you wouldn�t want to let it go to waste, right?
""That was so nice of you, cutie. I�m sure we can do this again later, but you drained me pretty well, see you $playerName""",,
BMS_notsure,DialogOptionSelected,$option == BMS_notsure,FireAll PopulateOptions,"He nods ""Sure, go at your own pace""",,
BMS_thatsenough,DialogOptionSelected,$option == BMS_thatsenough,DismissDialog,,,
BMS_wait,DialogOptionSelected,$option == BMS_wait,FireAll PopulateOptions,"Ast reappears on the monitor ""Yes, $playerName, at your service what do you want?"" He seems oddly tired.

OR

The comms resolve to show Ast doing a complicated manouver as he jumps over his desk to make a entrance. ""Channel clear, go ahead.""",,
BMS_convGreetingAst,PickGreeting,"$contact_printedFirstReturnGreeting
$market.id == Moonial_market
$id== BMS_Ast","$contact_printedFirstReturnGreeting = false
ShowPersonVisual","As the secretary passes you over to Ast�s personal comms, you manage to see that the Grandmaster has installed an emergency failsafe, intended for emergency requests. Should you press it?","1:BMS_wait:Wait to the sound of static
2:BMS_Asthack:Big Red Shiny Button!
3:BMS_thatsenough:I am out, cutt comms",
,,,FireAll PopulateOptions,"
",,
BMS_Asthack,DialogOptionSelected,$option == BMS_Asthack,,"You manage to see the Grandmaster having some fun with a particularly large phallic toy, he is desperately trying hopping up and down it, his aim a bit off he falls of the bed, the toy still stuck inside him and manages to land face first onto the computer.You can see his face plasted against the camera, as it becomes red as a firework when he realizes his camera is on. You can see him scream to his subordinate and quickly to throw a towel over himself, as he shuts down the camera.","1:BMS_Astpekaboo:Wait, for him to be ready.",
BMS_Astpekaboo,DialogOptionSelected,$option == BMS_Astpekaboo,FireAll PopulateOptions,"Ast reappears on the monitor after a bit ""Yes, Captain, at your service, what do you want?"" He seems oddly calm.",,
BMS_AstSex,DialogOptionSelected,$option == BMS_AstSex,,"Sure, but I am topping, the Knights got angry with me the last time i got pounded by a cutie like you, it got all over the news.","1:BMS_AstSex_Top:That�s fine with me.
2:BMS_AstSex_Frottage:Ast seems to have a look on his eyes.
3:BMS_AstSex_Touchy:Maybe we can do a bit of sword-fighting.
4:BMS_AstSex_Nop:Later.",
BMS_AstSex_Top,DialogOptionSelected,$option == BMS_AstSex_Top,,"Ast makes a funny expression, a bit surprised you actually accepted that easily. ""Well then, come over here, lad, i will gladly accept this offer""
Your shuttle comes down into the planet side, a young squire guards your entry into the citadel, proudly guiding the visitors to the compound. 
Some of the guards seem to stare at you for a bit to long, but they are nevertheless bound to let you pass.",1:BMS_AstSex_Top_goon:Continue.,
BMS_AstSex_Top_goon,DialogOptionSelected,$option == BMS_AstSex_Top_goon,,"Ast makes a point of jumping on top of you, the moment you pass throught into the main castle, hugging you from behind ""Don�t you think it is exciting?~""
You can feel him prodding behind you, whispering sweet nothings, with his dick hard against your buttocks, You remark that it is bit uncomfortable walking while in such a precarious position.
Ast tries to position himself in a more comfortable way but he ends ups slipping in. ""Shit"" You both stop for a moment, barely able to hold in a moan, Ast�s face distraught.
You think one of squires saw you, but if they did, they didn�t react. Ast recomposes himself and pushes you forward eventually making it to his room.

In which he pushes you against the bed, You can feel his length extend over your backside searching for a way into your nethers. He finally finds it, and with a heavy shove, pierces all the way in at once. ""How does that feel my little cumslut, do you like it?"" He starts drilling in in a messy and pushy manner, trying to squeeze out as much as he can out of you. ""Do you want me to touch in that way? Kinky""
His dick starts making your insides budge, his nuts imprinting themselves into your lower areas, churning a massive bather to reward your advances.",1:BMS_AstSex_Top_goon2:Let�s end this.,
BMS_AstSex_Top_goon2,DialogOptionSelected,$option == BMS_AstSex_Top_goon2,FireAll PopulateOptions,"He cums hard, filling you up all the way, he kind of just rests over you for second as you both drip into sleep. ""You�re so nice"" he manages to sneak before sleep claims him. You return to your ship, content.",,
BMS_Ast_Loredump,PopulateOptions,"$market.id == Moonial_market
$id== BMS_Ast",,,"1:BMS_Ast_Loredump2:""So what�s your story?""",
BMS_Ast_Loredump2.1,DialogOptionSelected,$option == BMS_Ast_Loredump2,FireAll PopulateOptions,"He takes in a big long inhalation ""Ok,so you know how I am a Knight, right?, and i used to be with the Ludd guys, they kicked me out because I made contact with 3 saints from the Catholic Church, they didn�t like that, the saints gave me a ride all the way to the moon, I know it doesn�t sound that impressive, but this was before FTL, so I could grab my boi Roland�s sanity, I saved him at the end, that reminds me I should go back for mine now that we have interestellar travel, anyways so they screwed me, and I got exiled out of the core worlds""",,
BMS_Ast_Loredump2.2,DialogOptionSelected,$option == BMS_Ast_Loredump2,FireAll PopulateOptions,"""After my exile from the core worlds, the Church sent me in a forced prilgrimage all the way over here, to find a ancient shrine or something, never found it. I managed to track it down to this system, A lot of very powerful people were doing some very unchilvarous things, like looting and stealing from the scavengers, and they didn�t like it one bit when I started beating up some of their goons"" 
Ast takes a sip of water. ""So they send these big ass guys in power armor, kind of looked like my boys back in France, so I challenged them to an honorable duel, that they started by shooting at me.""
""I expected them to be stronger, really, they ran the moment I used my horn, in all fairness, the building they where behind went with them, so I don�t fault them. Some of them decided to offer their services to me, after their contractor received the report from the scuffle, I accepted and those guys were some of my first Knights. They helped caught the bastard that was trying to kill me""

""After that the rest of the pirates around here pleaded fealty, I even did a ceremony like back in Britain, and made them nobles, a foreign dignatary showed up with gifts and stuff, it was cool.""",,
BMS_Ast_Loredump2.3,DialogOptionSelected,$option == BMS_Ast_Loredump2,FireAll PopulateOptions,"""Another one then, so back in my time, there used to be this great king of the most glorious kingdom of Africa, he asked for my help for it have been punished by the divine, I needed to catch some harpies that were terrorizing the court of such a noble man, so I got into my Hipogriff and in the name of the Lord pursued them into the mountains, until they slipped into a cave, the entrance to Hell. I rallied and went behind them""
""I was expecting it to be Hell,of course, because of the horrible screams and howls coming from the cavern, yet I was a bit surprised when the shadows started talking to me, I managed to leave and seal the entrance to Hell, nor Cerberus nor Satan was there, so it was easy to do even for a sinner like me. """,,
BMS_AstSex_Frottage,DialogOptionSelected,$option == BMS_AstSex_Frottage,,"""A bit weird for foreplay, but sure"" He takes out his rapier. He looks at you for second. ""Oh, that kind of swords""
Ast takes his time undressing himself letting you get a good look at every one of his curves and bumps, even managing a sneak peek to the size of his meat. ""Are you ready, $playerName?""",1:BMS_AstSex_Frottage_2:Undress yourself.,
BMS_AstSex_Frottage_2,DialogOptionSelected,$option == BMS_AstSex_Frottage_2,FireAll PopulateOptions,"Ast approaches as he lets you make the first move, both of your dicks make contact, it feels a bit electric to be doing this, as you can tell Ast is as sensitive as you�re down there. You both start trying to frot up and down, as the energy starts ramping up, making both of you fall into a spiral of pleasure.
""It feels so intense"" Ast doesn�t even need to ask, your face tells him how you�re feeling, it�s as red as his. ""It seems you like it too""
You both break and cum, making a mess out of the room.
""That was nice, you can come for another one, whenever you want.""",,
BMS_AstSex_Touchy,DialogOptionSelected,$option == BMS_AstSex_Touchy,FireAll PopulateOptions,"Ast suddenly stands up, laying his hands into the desk in front of him ""Youre way to much!"" He proclaims boastfully as he slides over the corner and pounces on top of you. ""So unfair, somebody as cute as you must be pampered no matter what!"" """"",,
,,,,,,
,,,,,,
,,,,,,
,,,,,,
,,,,,,
,,,,,,
BMS_bqfsAskForSuppliesDeniedBigLoad,DialogOptionSelected,"$gavePlayerBigLoad
$option == BMS_AstAskForSupplies","$saidAlreadyGaveSupplies = True 6
FireAll PopulateOptions","""Captain, I know you want more of me, but I had my fill of blowjobs"" Ast scoffs at you.
""So no more freebies for a bit""",,
BMS_AstSex?,PopulateOptions,"$market.id == Moonial_market
$id== BMS_Ast",,,"1:BMS_AstSex:""Wanna have sex?""",
BMS_AstMaster?,PopulateOptions,"$market.id == Moonial_market
$id== BMS_Ast",,,"1:BMS_masteranswer:""Can i be your master?""",
BMS_masteranswer,DialogOptionSelected,"$Masterquestionasked == false
$option == BMS_masteranswer","AddPotentialContact Ast
$global.BMS_Ast_Masterquestionasked = true","Ast looks at you for a second, then shakes his head ""No, but i can give you my personal coms""",,
BMS_masteranswerrepeat,DialogOptionSelected,"$global.BMS_Ast_Masterquestionasked == true
$option == BMS_masteranswer",,"Ast puffs a bit, and makes his best to look annoyed
""I already told you, you are not getting it""",,
BMS_AstAskForSuppliesAskedAlready,PopulateOptions,$saidAlreadyGaveSupplies,"$SaidAlreadyGaveSupplies = true 0
SetEnabled BMS_AstAskForSupplies false",,,
BMS_AstSexTop_Nop,DialogOptionSelected,$option == BMS_AstSex_Nop,FireAll PopulateOptions,,,
,,,,,,
#Ocp,,,,,,
BMS_Ocp_Dialogue,PopulateOptions,"$market.id == seduveren_market
$id==BMS_Ocp",,,"1:BMS_Ocp_Hi:""Make ships better?""
2:BMS_Ocp_Hit:Hit them in the head.
3:BMS_Ocp_Experiments: ""So what is that weird list behind you?""
4:BMS_Ocp_TechSupport: I need some help with the mod.",
BMS_Ocp_Hi,DialogOptionSelected,$option == BMS_Ocp_Hi,,"""I don�t know how, I am still learning""",,
BMS_Ocp_hit,DialogOptionSelected,$option == BMS_Ocp_Hit,,"""Ouch, jerk""",,
,,,,,,
BMS_Ocp_Greetings,PickGreeting,"$market.id == seduveren_market
$id==BMS_Ocp","ShowPersonVisual
FireAll PopulateOptions ","""Hi, it is me Ocp, the Bluemoon Shipyards Designer""",,
,,,,,,
BMS_Ocp_Experiments,DialogOptionSelected,"!$global.BMS_goatboy_questdone 
$option == BMS_Ocp_Experiments",,"*Ocp looks at you with a such shit-eating grin, you would think they just earned the lottery*
""So I have a few interesting tests I want to run, so I would heavily like to have a willing volunteer"" *They take out a large stack paper stretching over their own head, quickly reading over the terms and conditions* 
""So that is the preliminary deal, you’re doing this for the experience, so no pay"" ""Don�t worry, I am a ex-medical trainee, and I didn’t get kicked out over inmoral behavior, so nothing to worry about""","1:BMS_Ocp_Experiments_Toys: What could go wrong with some mechanical action?
3:BMS_Ocp_Experiments_LegKick: Leg Kick and run!",
BMS_Ocp_Experiments_postquest,DialogOptionSelected,"$global.BMS_goatboy_questdone 
$option == BMS_Ocp_Experiments",,"*Ocp looks at you with a such grin, you would think they just earned the lottery*
S","1:BMS_Ocp_Experiments_Toys: What could go wrong with some mechanical action?
3:BMS_Ocp_Experiments_LegKick: Leg Kick and run!",
,,,,,,
,,,,,,
,,,,,,
,,,,,,
,,,,,,
,,,,,,
,,,,,,
,,,,,,
BMS_Ocp_Experiments_Toys,DialogOptionSelected,$option == BMS_Ocp_Experiments_Toys,,"Ocp takes out a massive mechanical cube with some gears and electrical wiring loose, that almost distracts you from the fact it has a giant goat milker attached to one side. ""Just a bit of overstimulation, right? Nothing bad is going to happen""",1:BMS_Ocp_Experiments_Toys2: I guess?,
BMS_Ocp_Experiments_Toys2,DialogOptionSelected,$option == BMS_Ocp_Experiments_Toys2,,"They connect the machine to your crotch, and some extra tendrils to your belly and thights. You can feel the stickiness of the milker as it grabs onto you. It is slow at first just a simple tug, but it quickly spirals out into a cacophony of feelings as every tendril lets out a electrical current, making you feel all fuzzy inside~. ""That�s enough for now"" Ocp says making you feel a bit confused.",1:BMS_Ocp_Experiments_Toys3: That�s it?,
BMS_Ocp_Experiments_Toys3,DialogOptionSelected,$option == BMS_Ocp_Experiments_Toys3,FireAll PopulateOptions,"""For now, I gotta do something else for now"" The supposed engineer nodding towards the door. ""Out of my lab, please""",,
,,,,,,
,,,,,,
BMS_Ocp_Experiments_LegKick,DialogOptionSelected,$option == BMS_Ocp_Experiments_LegKick,FireAll PopulateOptions,"""Damn, you didn�t need to do that""",,
BMS_Ocp_TechSupport,DialogOptionSelected,$option == BMS_Ocp_TechSupport,,"""So I can contact the other guys and tell you want to work with them, in case you erased their numbers. Tell me who, and I will see to it."" (May cause unintended effects)","1:BMS_Ocp_TechSupport_Ast: Ast
2:BMS_Ocp_TechSupport_Oda: Oda
3:BMS_Ocp_TechSupport_Nobukatsu: Nobukatsu
4:BMS_Ocp_TechSupport_backdown: Back down.",
BMS_Ocp_TechSupport_Ast,DialogOptionSelected,$option == BMS_Ocp_TechSupport_Ast,"$global.BMS_Ast_Masterquestionasked = false
FireAll PopulateOptions","""Ast, Ok, it is done.""",,
BMS_Ocp_TechSupport_Oda,DialogOptionSelected,$option == BMS_Ocp_TechSupport_Oda,"$global.Oda_contact = false
FireAll PopulateOptions","""Oda, Ok, it is done.""",,
BMS_Ocp_TechSupport_Nobukatsu,DialogOptionSelected,$option == BMS_Ocp_TechSupport_Nobukatsu,"$global.Oda_contact_nobukatsu = false
$global.Nobukatsu_contact = false
FireAll PopulateOptions","""Nobukatsu, Ok, it is done.""",,
BMS_Ocp_TechSupport_Backdown,DialogOptionSelected,$option == BMS_Ocp_TechSupport_backdown,FireAll PopulateOptions,"""Sure.""",,
,,,,,,
#BMS_Ocp_Zoo,DialogOptionSelected,$option == BMS_Ocp_Zoo,FireAll PopulateOptions,"""It is a new wing for the laboratory, it is intended to house some specimens from other planets, but I still don�t know which ones I want, trying to workshop it""",1:BMS_Ocp_Zoo2:Continue,
#BMS_Ocp_Zoo,DialogOptionSelected,$option == BMS_Ocp_Zoo2,FireAll PopulateOptions,,,
BMS_Ocp_Experiments_Milk,DialogOptionSelected,"$global.BMS_goatboy_queststarted
!$global.BMS_goatboy_questdone
!$global.BMS_goatboy_sex_meds
!$global.BMS_goatboy_sex_meds_consumed
$option == BMS_Ocp_Experiments",,"""So I heard you where looking for somebody capable of doing a little bit of toxicology"" *Ocp pulls out his notebook* ""So I am the lead (only) researcher of the Goat hybrid’s proyect, so as long as you are willing to test a concoction, I can probably do that thing you want"" *Ocp takes out a flask with a bubbling purple-colored chemical* ""You’re not the first to take it, but that subject is a magical being, so i want to test on a more common bio-makeup""
""So, are you in?""","1:BMS_Ocp_Experiments_Milk_yes: Yes
2:BMS_Ocp_Experiments_Milk_no: Give me a second to think…",
BMS_Ocp_Experiments_Milk_yes,DialogOptionSelected,$option == BMS_Ocp_Experiments_Milk_yes,"$global.BMS_goatboy_sex_meds_consumed = true
$global.BMS_goatboy_questdone = true
FireAll PopulateOptions","*You gulp down the drink, it is potent and tastes like a lemon* ""Rather simple, don’t you think""",,
BMS_Ocp_Experiments_Milk_no,DialogOptionSelected,$option == BMS_Ocp_Experiments_Milk_no,FireAll PopulateOptions,"*They recoil and look somewhere else in disarray* ""Yeah, if you get the urge just talk to me, and I will get it to you""",,
,,,,,,
,,,,,,
,,,,,,
,,,,,,
#Oda,,,,,,
BMS_Oda_Salutations,PickGreeting,"$market.id == seduveren_market
$id==BMS_Oda","ShowPersonVisual
FireAll PopulateOptions ","""You�re in the presence of the Glorious leader of the Oda Empire, what do you desire, mortal?""",,
BMS_Oda_Dialogue,PopulateOptions,"$market.id == seduveren_market
$id==BMS_Oda",,,"
1:BMS_Oda_Master:�Can i be your Master?�
2:BMS_Oda_Companions: �Ask about someone� 
3:BMS_Oda_Plan:�How is it going?�",
BMS_Oda_Companions,DialogOptionSelected,$option == BMS_Oda_Companions,,"""Oh, sure, my confidant, who has picked your interest?""","1:BMS_Oda_Companions_Ast:""Are you friends with Ast?""
2:BMS_Oda_Companions_Nobukatsu:""About Nobukatsu""",
,,,,,,
BMS_Oda_Plan_Ast,DialogOptionSelected,$option == BMS_Oda_Companions_Ast,FireAll PopulateOptions ,"""He is a good man, but he just doesn�t have the will to do what must be done, the sake of the Sector is at stake, this time I need to make sure.""",,
BMS_Oda_Plan_Nobukatsu,DialogOptionSelected,$option == BMS_Oda_Companions_Nobukatsu,FireAll PopulateOptions ,"""Right, my brother, take care of him, will you? he is a good person, just a bit clingy, retainer. He really is trying his hardest""",,
BMS_Oda_Plan,DialogOptionSelected,$option == BMS_Oda_Plan,FireAll PopulateOptions ,"""It�s hard you know, the sector needs a someone to restore order, an there�s not a lot of people cut for the job""

OR
Oda starts describing a reunion that she had with Ast a while back. ""So this guy comes up behind me and somehow, he trips and his hat goes into the soup in front of a priest, then he thinks is it as good idea to grab it back and start�"" *You hear a chuckle behind you and then feel an intense stare, Oda resumes a bit nervous* ""You know, I will tell you latter""",,
,,,,,,
BMS_Oda_Dialogue_Sex,PopulateOptions,"$market.id == seduveren_market
$id==BMS_Oda",,,"2:BMS_Oda_Sex:""Hey Shogun, want to have sex?""",
BMS_Oda_Sex,DialogOptionSelected,$option == BMS_Oda_Sex,,"""So you want to have sex with me, certainly so retainer I will allow  it.""","1:BMS_Oda_Sex_Oral:""I guess Oral would be nice?""
2:BMS_Oda_Sex_Thighjob: ""Maybe I can get some thigh action""
3:BMS_Oda_Sex_Underdesk: She seems to be thinking about something…
4:BMS_Oda_Sex_retreat:""I bit more that what i can chew""",
BMS_Oda_Sex_Oral,DialogOptionSelected,$option == BMS_Oda_Sex_Oral,,"You go into your shuttle as Oda sends to signal to the guards to allow you entry.
As you make it into the planet, a disinterested Nobbu grabs your hand and pulls you towards the Washi Castle that dominates the city from orbit. The exasperated Nobbu comes with you all the way towards the inner sanctum of the structure, where Nobunaga appears and pulls into her personal room, the last thing you see is the nobbu mocking you.",1:BMS_Oda_Sex_makeout:See what she has in store,
:BMS_Oda_Sex_retreat,DialogOptionSelected,$option == BMS_Oda_Sex_retreat,FireAll PopulateOptions,"""Retainer, cowardice is not a valor i endorse, but I will allow it""",,
BMS_Oda_Sex_makeout,DialogOptionSelected,$option == BMS_Oda_Sex_makeout,,"Oda is resting naked in her bed. ""So Dragon, I have a good idea where I want you"" She gently pulls you towards her pussy, so you get a pretty good idea of what she wants, so you diligently carve out a spot with your tongue, ""Oh yeah that feels so right""
You get the idea she doesn�t get to do this often, and take the opportunity to have some fun.
You stand up by pulling her ass up with you ""What are y�Ouhh"" A simple protest stifled under the pleasure coming from her nethers. You manage to position yourself in such a way that she cannot stop you from playing with her boobs at the same time, the way she is going, it�s not going to take long for her to cum.",1:BMS_Oda_Sex_aftercare:End the party.,
BMS_Oda_Sex_aftercare,DialogOptionSelected,$option == BMS_Oda_Sex_aftercare,,"You both burst together, her alabaster liquid filling up your mouth, and fall asleep on the bed. Maybe being friends with a murderous dictactor has it�s benefits.",1:BMS_Oda_Sex_ending:Tomorrow is a new day,
BMS_Oda_Sex_ending,DialogOptionSelected,$option == BMS_Oda_Sex_ending,FireAll PopulateOptions,"You return to your space station, ready to go back to your spacer gig.",,
,,,,,,
,,,,,,
,,,,,,
BMS_Oda_Master,DialogOptionSelected,$option == BMS_Oda_Master,"AddPotentialContact Oda
$global.Oda_contact = true
$global.Oda_contact_nobukatsu = true
FireAll PopulateOptions","Oda refuses vehemently.""No way, Oda serves nobody"" She stops for a second. ""You can serve me, you should think about it""",,
BMS_Oda_Master_repeat,DialogOptionSelected,"$Oda_contact
$option == BMS_Oda_Master",FireAll PopulateOptions,"""Stop it, retainer""",,
BMS_Oda_Sex_Thighjob,DialogOptionSelected,$option == BMS_Oda_Sex_Thighjob,,"""My retainer wants some of this, right?"" Oda strikes a posse, you figure she likes the attention.
""Well I want some of you too"" Oda lets you accomodate as she rests on your lap and shines a confident smile towards you, entincing you forward.",2:BMS_Oda_Sex_Thighjob2: Continue,
BMS_Oda_Sex_Thighjob2,DialogOptionSelected,$option == BMS_Oda_Sex_Thighjob2,,"You take your time to prode her slowly, eyeing that small hole where heaven awaits. Your hands go snaking their way up her body, going throught her belly, breasts and end up at her shoulders ""Had your fill? I am icthing to start""
Its a bit fast, she lets herself falldown engulfing you in between her legs, she is mercyless, using her hands to greedily play with your dick.
You manage to rally and start playing with her boobs. ""Not fair"" She halfway moans, but her assault is unyielding.
The spiral of lust, keeps going further and further, it almost looks as a competition and the goal is near.
You both finish, your energy spent and the juices of excitement fusing together.  ",2:BMS_Oda_Sex_Thighjobend: Continue,
BMS_Oda_Sex_Thighjobend,DialogOptionSelected,$option == BMS_Oda_Sex_Thighjobend,FireAll PopulateOptions,"""Good one, retainer, hope you enjoyed it as much as I did, now can I go to rest, or do you desire even more?""",,
,,,,,,
BMS_Oda_Sex_Underdesk,DialogOptionSelected,$option == BMS_Oda_Sex_Underdesk,,"""Want to do something adventorous? Like I want to taste you but I can’t really leave my office room, so come sit down here and I am going under for a bit, What do you say?""","1:BMS_Oda_Sex_Underdesk_yes: ""Yes""
1:BMS_Oda_Sex_Underdesk_no: ""No""",
BMS_Oda_Sex_Underdesk_yes,DialogOptionSelected,$option == BMS_Oda_Sex_Underdesk_yes,FireAll PopulateOptions,"""If any of the Nobbus ask tell I am busy, ok?"" You proceed to sit down, ready to get serviced, she starts by playing with your glans, rubbing and kissing your balls with care, slowly licking all over the side of your cock.
""So nice of you to present me with such a delicious piece of meat"" She teases, as youre about to retort a Nobbu crashes throught the door carrying a portable communicator.
""Mhnf?"" You hear beneath the desk, as you put your most innocent face.  The communicator materializes the face of Nobukatsu ""$playerName do you know where my sister is? Actually don’t worry I will just wait for her""
Oda looks at you smirking as she sandwiches your dick between her voluptious boobs, like a pair of big pillows, really making it hard to focus on keeping the facade. So it doesnt take long for doubt to creep in ""Are you feeling, ok?"" Nobukatsu snaps you out of your bliss ""You look like you are..?"" Nobukatsu makes an angry frown ""Sister?! Man, you are disgusting."" The Nobbu jumps and runs away leaving you two alone again.
""Got caught,eh? I am getting an earful later, well, it cant be helped""  She ramps up, abusing your dick with energy, vaccuming your creamy seed inside her, lapping up every bit of that amber cum.  ""Seems like you enjoyed it atleast""",,
BMS_Oda_Sex_Underdesk_no,DialogOptionSelected,$option == BMS_Oda_Sex_Underdesk_no,FireAll PopulateOptions,"""Whatever""",,
,,,,,,
,,,,,,
,,,,,,
,,,,,,
,,,,,,
,,,,,,
,,,,,,
,,,,,,
#Nobukatsu,,,,,,
BMS_Nobukatsu_Salutations,PickGreeting,"$market.id == seduveren_market
$id==BMS_Nobukatsu","ShowPersonVisual
FireAll PopulateOptions ","""Nobukatsu here, under the gaze of the stars, what do you want with the Oda?""",,
BMS_Nobukatsu_Dialogue,PopulateOptions,"$market.id == seduveren_market
$id==BMS_Nobukatsu",,,"1:BMS_Nobukatsu_Master: ""Want to be my servant?""
2:BMS_Nobukatsu_Sex: ""So are you open to have some fun?""
3:BMS_Nobukatsu_Job: ""What do you do? In the Nobu Clan""",
BMS_Nobukatsu_Sex,DialogOptionSelected,"!$NobukatsuButtHurt
$option == BMS_Nobukatsu_Sex",,"""Are you sure, you actually want ... me?""","1:BMS_Nobukatsu_Sex_Yes: ""Hey, youre cute""
2:BMS_Nobukatsu_Sex_No: ""If youre not ready, it is ok""",
BMS_Nobukatsu_SexWait,DialogOptionSelected,"$NobukatsuButtHurt
$option == BMS_Nobukatsu_Sex",FireAll PopulateOptions,"""Give me a minute, my bum hurts""",,
,,,,,,
,,,,,,
BMS_Nobukatsu_Sex_Yes,DialogOptionSelected,$option == BMS_Nobukatsu_Sex_Yes,,"He blushes, his face red as a rose ""What do you want to do?""","1:BMS_Nobukatsu_Sex_ShyAnal: ""I think i will enjoy going inside you""
2:BMS_Nobukatsu_Sex_NobuDom: ""Hey have you ever thought about doing something different? You know…"" 
3:BMS_Nobukatsu_Sex_Retreat: ""Maybe later""",
BMS_Nobukatsu_Sex_No,DialogOptionSelected,$option == BMS_Nobukatsu_Sex_No,FireAll PopulateOptions,"""Ok, yeah, sure maybe we can.... I don�t know""",,
BMS_Nobukatsu_Sex _ShyAnal,DialogOptionSelected,"!$FirstTimeNobukatsu
$option == BMS_Nobukatsu_Sex_ShyAnal","$FirstTimeNobukatsu = True
$NobukatsuButtHurt = True 1","Nobukatsu doesn�t seem to know what to do, so you take the lead and push him so he is resting on the bed facedown ""$playerName, I guess you�re up, be gentle""
You assure him that he is in good hands ""Yeah, thanks""
It starts slows, just the tip, as he is to tight to push even further, he whelps, a bit of encouragement, as you start chipping away at his walls. It doesn�t take that long until you manage to make him open, and start slowly making your way in. Its laborious work, but his needy sounds are a nice reward.
As he relaxes, you up the Ante, going ever so slighty faster. ""That�s enough for now, it hurts"" Nobukatsu says.
You assure that it is ok, and tell him you will come later, when he is ready. ""Thanks, I appreciate it"" he gasps in response.
Well time to go back into space...right?",1:BMS_Nobukatsu_Sex_ShyAnal_Aftercare: Let him rest,
BMS_Nobukatsu_Sex_Retreat,DialogOptionSelected,$option == BMS_Nobukatsu_Sex_Retreat,FireAll PopulateOptions,"""Right sure, I can wait""",,
BMS_Nobukatsu_Sex_ShyAnal_Aftercare,DialogOptionSelected,$option == BMS_Nobukatsu_Sex_ShyAnal_Aftercare,FireAll PopulateOptions,"He tries to stretch his hand out, like trying to stop you from leaving.
You put his hand back and let him go back into the embrace of sleep.",,
BMS_Nobukatsu_Sex_ShyAnal_Seconds,DialogOptionSelected,"$FirstTimeNobukatsu
!$NobukatsuButtHurt
$option == BMS_Nobukatsu_Sex_ShyAnal",,"You can tell Nobukatsu seems a bit more determined to push through this time.

""I� I can do this"" You can hear him whisper, as he pulls you in, nuzzling up to your neck, he softly beckons you in, enticing you forward.
As you go down into him, he bumps his hat noticeably jumping up in surprise.
""Keep going"" He doesn�t need to say it twice, you�re pounding him into the mattress like beast in rutting.
His whole body is trembling under the weight of your body, yet he still refuses to let you go.
Nobukatsu grunts loudly and releases his seed all over the bed. He is breathing heavily barely able to hold himself until he collapses with a muffled plop. It seems like you exhausted the twink�s reserves.",1:BMS_Nobukatsu_Sex_ShyAnal_Aftercare_Seconds: Let him rest,
BMS_Nobukatsu_Sex_ShyAnal_Seconds_Aftercare,DialogOptionSelected,$option == BMS_Nobukatsu_Sex_ShyAnal_Aftercare_Seconds,FireAll PopulateOptions,"He tries to stretch his hand out, like trying to stop you from leaving.
You cuddle with him for a bit, making him feel safe.",,
,,,,,,
,,,,,,
BMS_Nobukatsu_Sex_Dom_Setup,DialogOptionSelected,$option == BMS_Nobukatsu_Sex_NobuDom,,"Nobukatsu tilts his head for a second, but he smiles. ""Well, of course, if you want me that badly, I can certainly do something about it""
He bodly grasps your balls, massaging your balls, getting you ready and hot for him. ""I still want you inside me"" He grins a bit flustered ""I can totally take charge this time""","1:BMS_Nobukatsu_Sex_NobuDom_Two: ""Show me what you can do.""
2:BMS_Nobukatsu_Sex_NobuDom_Wait: ""Next time"" ",
BMS_Nobukatsu_Sex_Dom_Payoff,DialogOptionSelected,$option == BMS_Nobukatsu_Sex_NobuDom_Two,FireAll PopulateOptions,"He stares a your eyes, with reprocicated lust, as he signals you to lay down on your back, you sneak in a pinch to his ass cheek.
He pouts, but he looks only more determined ""Bad boy""
Nobukatsu pushes you backwards.  You help him position on top, wrapping his legs around your hips, he starts rubbing himself agaisnt your dick, as he caresses your body, giving small kisses across it.

""Your body"" He whispers between labored breaths ""It is just so nice"" Your member throbbing with desire, is trying to enter him, but a bit clumsily, he somehow manages to tease you along and keep it away.""Not yet, I want a little more""  You tell him that you really are about to burst, unable to hold it together, and he relents, finally pushing your length inside of him, making you both gasp and start furiously pushing agaisnt each other.

""Yes..yes, I love it, i love how it feels inside me, I need, no, deserve more"" He moans and clams down, trying to push himself to his limits.  You hump agaisnt him, but he puts his weight down, enveloping the entirety of your dick inside him, his muscles straining trying to fill his guts with you.  You are more than willing to comply, so when you both can take it anymore, sloppily cumming in an mess of musk sweat and muscles. 

""$playerName… Can we do this again"" He manages to stammer before falling asleep, utterly exhausted.",,
BMS_Nobukatsu_Sex_Dom_Wait,DialogOptionSelected,$option == BMS_Nobukatsu_Sex_NobuDom_Wait,FireAll PopulateOptions,"""Ok… What else do you want to do then?""",,
,,,,,,
BMS_Nobukatsu_Job,DialogOptionSelected,$option == BMS_Nobukatsu_Job,,"""Oh, Youre interested?"" His visage noticeably shines. ""Mostly administrative work, somebody has got to make sure the Nobbu’s get stuff done"" He produces a stock of paper of about half his height ""The other factions don’t make life easy, but as long as the Nobbu’s behave it is mostly fine""  He walks towards the back of his office and opens a cabinet full of eccentricities. ""I am also in charge of dealing with obscure and esoteric stuff, even this, the really simple stuff but you cannot really find around on the sector""  You can see a container with some white slimy substance, some shining purple bottle and an exotic hat with a feather on top.","1:BMS_Nobukatsu_Job_two: ""Could I take a look at that slime?""  
2:BMS_Nobukatsu_Job_No: ""Good to know""",
BMS_Nobukatsu_Job_two,DialogOptionSelected,$option == BMS_Nobukatsu_Job_two,FireAll PopulateOptions,"""I mean, it is a homunculus , but sure?"" He steps forwards to get it, but the slippery container falls as he turns towards you, startling Nobukatsu and making him fall. The homunculus escapes and jumps towards his face, splashing his slime all over him, as he stands up, the little monster trips him, causing him to fall again directly into the white mass. You try your best to supress a laugh.
""Come on, now I need to catch it"" He grabs it, but the little blob escapes between his thights dripping slowly.
""Don’t laugh at me, this isn’t funny"" He points at you accusatorily,a bit of the slime flying off as his cute hat covers his eyes.  ""$playerName, give me a second I really should clean this up.""",,
BMS_Nobukatsu_Job_No,DialogOptionSelected,$option == BMS_Nobukatsu_Job_No,FireAll PopulateOptions,,,
,,,,,,
,,,,,,
,,,,,,
,,,,,,
,,,,,,
,,,,,,
,,,,,,
,,,,,,
,,,,,,
,,,,,,
,,,,,,
,,,,,,
BMS_Nobukatsu_Master_NotOda,DialogOptionSelected,"$option == BMS_Nobukatsu_Master
$global.Oda_contact_nobukatsu == false",FireAll PopulateOptions,"He looks at you like you just said something wrong.""Well, You ain�t Sister�s Master so�"" He just stops talking.",,
BMS_Nobukatsu_Master,DialogOptionSelected,"$global.Oda_contact_nobukatsu
$option == BMS_Nobukatsu_Master
!$global.Nobukatsu_contact","AddPotentialContact Nobukatsu
$global.Nobukatsu_contact = true
FireAll PopulateOptions","""You still ain�t sister�s master, but alright, yeah sure,If you are that desesperate to work for the Oda, do go out there and work for the prestige of the Oda clan""",,
BMS_Nobukatsu_Master_repeat,DialogOptionSelected,"$global.Nobukatsu_contact == true
$option == BMS_Nobukatsu_Master
!$Nobukatsu_master1","$Nobukatsu_master1 = true
FireAll PopulateOptions","""I don�t think you want someone like me as your servant, You shouldn�t care about me""",,
BMS_Nobukatsu_Master_repeat2,DialogOptionSelected,"$Nobukatsu_master1
$option == BMS_Nobukatsu_Master
!$Nobukatsu_master2","$Nobukatsu_master2 = true
FireAll PopulateOptions","""I already told you, maybe go ask Sister, she is worth her weight in diamonds, she is a better servant than me""",,
BMS_Nobukatsu_Master_repeat3,DialogOptionSelected,"$Nobukatsu_master2
$option == BMS_Nobukatsu_Master
!$Nobukatsu_master3","$Nobukatsu_master3 = true
FireAll PopulateOptions","""I am no good, you seem to have your crew under control, have you seem how I take care of the nobu, I am a hopeless mess"" ",,
BMS_Nobukatsu_Master_repeat4,DialogOptionSelected,"$Nobukatsu_master3
$option == BMS_Nobukatsu_Master
!$Nobukatsu_master4","$Nobukatsu_master4 = true
FireAll PopulateOptions","""Please stop, I don�t need nor want your time, there is certainly more important things you can do, because �  it can�t be, right?"" He tries to evade your gaze, his body trembling a little.",,
BMS_Nobukatsu_Master_repeat5,DialogOptionSelected,"$Nobukatsu_master4
$option == BMS_Nobukatsu_Master
!$Nobukatsu_master5","$Nobukatsu_master5 = true
AdjustRepActivePerson 20
FireAll PopulateOptions","""�""",,
BMS_Nobukatsu_Master_realization,DialogOptionSelected,"$Nobukatsu_master5
$option == BMS_Nobukatsu_Master
!$Nobukatsu_master6","$Nobukatsu_master6 = true
FireAll PopulateOptions","Nobukatsu just looks at you for a second before sprinting towards you, hugging you as he sobs, just managing to mutter ""Thanks $playerName""",,
BMS_Nobukatsu_Master_thanks,DialogOptionSelected,"$Nobukatsu_master6
$option == BMS_Nobukatsu_Master","
FireAll PopulateOptions","""I really cannot, Sister needs me, but I know you, you will manage without me""",,
,,,,,,
#Goatboy,,,,,,
BMS_goatboy_Salutations,PickGreeting,"$market.id == phantu_market
$id==BMS_goatboy","ShowPersonVisual
FireAll PopulateOptions ","""Yes, What do you want? $playerName""",,
BMS_goatboy_Dialogue,PopulateOptions,"$market.id == phantu_market
$id==BMS_goatboy",,,"1:BMS_goatboy_player:""Why do you know who I am?""
2:BMS_goatboy_sex:""Wanna fuck?"" ",
BMS_goatboy_playerexplanation,DialogOptionSelected,$option == BMS_goatboy_player,FireAll PopulateOptions,"The Goatboy turns their head sideways, looking at you directly with that rectangular eye ""I know everything here."" Holds his unnerving gaze upon you. Then chuckles ""I am just taking the piss, only the same transport ships come here, so of course I would take note of a new face around here.""",,
BMS_goatboy_sex,DialogOptionSelected,"!$global.bms_goatboy_sex_meds
!$global.BMS_goatboy_questdone
$option == BMS_goatboy_sex","$global.BMS_goatboy_queststarted = true
FireAll PopulateOptions","He stares at you, sniffing the air with feigned interest. ""If you are interested on knowing how a Goat fucks, then I would guide you to the brothels on Ethoi, there is a lot of them in need of a milking, so fuck off, will you?"" He sits down trying to distract himself with paperwork. Seeing as you are not fucking off, he breathes. ""It would be inmoral of me, and highly illegal, if i let you do that. My species cum is like a drug, i think, the boys on Ethoi are on some feed that makes it only taste like sugary water, so unless you know a loose morals biologist that can give you an emergency dose of don’t make me go overdrive, this is not happening.""",,
BMS_goatboy_sex_solution,DialogOptionSelected,"!$global.BMS_goatboy_ready
$global.BMS_goatboy_questdone
$global.BMS_goatboy_sex_meds_consumed == true
$option == BMS_goatboy_sex","$global.BMS_goatboy_ready = true
FireAll PopulateOptions","*He frowns, slowly breathing in and then letting it go, staring into your eyes* ""You just have that look on you, did exactly what i didn’t want you to do, is this a bit or something? Or do you just like being a dumbass"" *To his own chagrin he pitches a substantial tent*",,
BMS_goatboy_sex_menu,DialogOptionSelected,"$global.BMS_goatboy_ready
$option == BMS_goatboy_sex",,"""Come on then"" *He pats his lap, making you sit inbetween his legs* ""Nice"" *He sniffs your hair, running his snout over your head softly*",1:BMS_goatboy_sex1: Entice him into taking charge,
BMS_goatboy_sex_menu1,DialogOptionSelected,$option == BMS_goatboy_sex1,FireAll PopulateOptions,"*You get frisky and bounce a bit on him teasing him just enough to make him struggle, feeling his hard-on as he tries hide the need hump you* ""Oh, so you want it that way""
*Feca pulls you up, pushing you to the window overseeing the mine operations on the ground, just putting his whole * ""Well then!""
*The Goatboy grabs one of your arms and holds the back of your head, he is quite controlled and yet you’re feeling way too heated by him* ""Those are"" *He says as he grabs a bit of his pre-cum and rubs it on your face* ""the aprodisiacs""
*He pulls away, leaving your internal fire going like a star explosion, making your knees buckle under you* ""Sorry, probably should let you get comfortable with it, before going for more""",,
#BMS_goatboy_sex_menu2,DialogOptionSelected,$option == BMS_goatboy_sex2,FireAll PopulateOptions,Pheromines,,
,,,,,,
,,,,,,
,,,,,,
,,,,,,
,,,,,,
,,,,,,
,,,,,,
# relationship level descriptions,,,,,,
relLevelCooperativeOdaclan,RelationshipLevelDesc,"$faction.rel == COOPERATIVE
$faction.id == oda_clan ",,,,
relLevelFriendlyOdaclan,RelationshipLevelDesc,"$faction.rel == FRIENDLY
$faction.id == oda_clan ",,"The Nobu children write cards to your address on Nobu Day, and the State has created a memorandum to honor you as a War Hero. Nobu�s on the street organize events to see your fleet battles live.",,
relLevelWelcomingOdaclan,RelationshipLevelDesc,"$faction.rel == WELCOMING
$faction.id == oda_clan ",,"Your fanboy is relatively well-known within $theFaction, whether in person or by reputation. Most members of$theFaction  have joined together his achievements and yours, making you a hero in the eyes of the Nobu.",,
relLevelFavorableOdaclan,RelationshipLevelDesc,"$faction.rel == FAVORABLE
$faction.id == oda_clan ",,"A young $theFaction officer has taken a liking to you, making modifications to his nobu cosplay to be closer to your image. It makes sure that patrol commanders are not sure whenever it is you or the fanboy.",,
relLevelNeutralOdaclan,RelationshipLevelDesc,"$faction.rel == NEUTRAL
$faction.id == oda_clan ",,"The $faction Nobu have started talking about your value as a reliable asset, some of them are willing to give you some extra leeway on the loot distrbution.This shows mostly as low-grade surplus military equipment, and pinning your crimes on a rival Nobu.",,
relLevelSuspiciousOdaclan,RelationshipLevelDesc,"$faction.rel == SUSPICIOUS
$faction.id == oda_clan ",,"You're not generally well known by $faction officials, for good or ill, nobu make caricatures of your face to use in comics, just like with every other spacer.",,
relLevelInhospitableOdaclan,RelationshipLevelDesc,"$faction.rel == INHOSPITABLE
$faction.id == oda_clan ",,"Though nothing has been proven (yet), $faction officials tend to view you with distrust. You have caught more than one Nobu stealing bolts from your ships.",,
relLevelHostileOdaclan,RelationshipLevelDesc,"$faction.rel == HOSTILE
$faction.id == oda_clan ",,"Suspicions have risen to an actionable level. Nobus sneer and joke at your expense, some of the more spiteful ones make hand-crafted pi�atas with your face. $faction ports will be closed to your ilk, and patrols look to prevent your mischievious plans.",,
relLevelVengefulOdaclan,RelationshipLevelDesc,"$faction.rel == VENGEFUL
$faction.id == oda_clan ",,"$Faction commanders have authorization to engage your fleet on sight, Nobu�s have an industrial line set up for the production of pots bearing a resemblence to your second�s ass and another for bats in image of the Emperor�s Sword.",,
,,,,"Once a foolish Nobu got caught writing smutty fanfic about you, he got burned at the stake, and his ashes stomped into the dirt. Nobu History nerds are stalking Nobu-pedia begging for the opportunity to change ""is"" to ""was"".",,
,,,,,,
,,,,,,
,,,,,,
# relationship level descriptions,,,,,,
relLevelCooperativeBluemoon,RelationshipLevelDesc,"$faction.rel == COOPERATIVE
$faction.id == blue_moon",,,,
relLevelFriendlyBluemoon,RelationshipLevelDesc,"$faction.rel == FRIENDLY
$faction.id == blue_moon",,"You are known by the Order Grandmaster itself,  $theFaction recognizes you as a charitable soul, high-level officials are looking to network with a condecorated hero of the States. You are given much leeway, and may receive trade concessions and access to high-quality ships and munitions.",,
relLevelWelcomingBluemoon,RelationshipLevelDesc,"$faction.rel == WELCOMING
$faction.id == blue_moon",,"You're relatively well-known within $theFaction, whether in person or by reputation. Most members of the Order will come to your aid, as a fellow spacer.",,
relLevelFavorableBluemoon,RelationshipLevelDesc,"$faction.rel == FAVORABLE
$faction.id == blue_moon",,"You have a benefactor in $theFaction, seeing how much you have done in their stead. Harassing you is therefore a more risky endeavor for local patrol commanders.",,
relLevelNeutralBluemoon,RelationshipLevelDesc,"$faction.rel == NEUTRAL
$faction.id == blue_moon",,"The $faction officials tend to view you favorably, though this has little in the way of implications. At best, you might be sold some low-grade surplus military equipment, or avoid being the target of an investigation if a more convenient scapegoat is available.
Your kit was upgraded with a cute plushie of a Hypogriff.",,
relLevelSuspiciousBluemoon,RelationshipLevelDesc,"$faction.rel == SUSPICIOUS
$faction.id == blue_moon",,"You're are a unknown in $faction system, yet you recieve the standart starfarer support kit from the knights HQ, it come with a Gila monster Decal.",,
relLevelInhospitableBluemoon,RelationshipLevelDesc,"$faction.rel == INHOSPITABLE
$faction.id == blue_moon",,"Though nothing has been proven (yet), $faction officials tend to view you with distrust.Some drunk knights make an unsavory comments, on top of a mean comparison with an Iguana.",,
relLevelHostileBluemoon,RelationshipLevelDesc,"$faction.rel == HOSTILE
$faction.id == blue_moon",,"Suspicions have risen to an actionable level. The Knights are keeping a good eye on you, $faction ports will be closed to your ilk, and patrols look to prevent your mischievious plans, you slinky-like iguana.",,
relLevelVengefulBluemoon,RelationshipLevelDesc,"$faction.rel == VENGEFUL
$faction.id == blue_moon",,"$Faction commanders have authorization to engage your fleet on sight, and all markets are prohibited from trading with you. The Knights have posted a caution phamplet for travelers with your face and name in bold red.",,
,,,,"You can find a holo of your face with clown makeup and somebody giving you a wedgie in almost every planet, doctored for sure. Ast has actually taken note of much of a jerk you are, so he is a bit dissapointed. The Order has a private betting ring going for who gets your head.",,
#Greetings,,,,,,
BMS_Nobu_Greetings,PickGreeting,$faction.id == oda_clan,"ShowPersonVisual
FireAll PopulateOptions ",,,
,,,,"""Nobbu? Nobbu� Nobbu""",,
#Planet Market Stuff,,,,,,
,,,,,,
Bluemoon_flavorTextMarket_estoul,TradePanelFlavorText,"$global.tradePanelMode == MARKET
$faction.id == blue_moon
$market.id == Moonial_market score:100
$player.transponderOn == true","AddText ""Moonial�s main port is brimming with seedy and shifty indviduals, barely contained by a scrawny guard post. You take out your cargo manifest and credentials, getting throught the checkpoint. You can see some old merc veterans giving a scolding to some thugs, most of the traffic seems to go towards the habitation complex."" marketFlavorTextColor
AddText ""A holoprojector shows an ad for an opportunity in the farms of Ethoi, a tired person mans a booth handing out phamplets explaining the union benefits to anybody who approaches."" marketFlavorTextColor",,,
Bluemoon_flavorTextMarket_estoul_Ilegal,TradePanelFlavorText,"$global.tradePanelMode == MARKET
$faction.id == blue_moon
$market.id == Moonial_market score:100
$player.transponderOn == false","AddText ""When the port authority detects your approach, it directs you towards the back of the comms tower, where a Knight let�s you pass and enter directly to the purple area of the market, it�s small and cramped, the smell of dry cum and sanitizer impregnates the air, and the sticky pieces of hair cover the floor."" marketFlavorTextColor",,,
Bluemoon_flavorTextMarket_seduveren,TradePanelFlavorText,"$global.tradePanelMode == MARKET
$market.id == seduveren_market score:100
$player.transponderOn == true","AddText ""The Washi castle dominates the montainous lanscape of the planet, with housing and some scarse temples dotted around it, the streets are bustling with activity, the Nobus covering every inch like a tide of laborious ants."" marketFlavorTextColor
AddText ""You manage dodge a flying Nobu, but not before he puts a small note on your face, it is an invitation for an upcoming robot championship title fight."" marketFlavorTextColor",,,
Bluemoon_flavorTextMarket_seduveren_Ilegal,TradePanelFlavorText,"$global.tradePanelMode == MARKET
$faction.id == blue_moon
$market.id == seduveren_market score100
$player.transponderOn == false","AddText ""You enter the bay of a half destroyed Catpien, the landing place your contacts told you about, scarcely crewed by a nobu contigent, the infrastructure forces you to crouch and stumble as you try to talk to the portboss, it smells like the sea."" marketFlavorTextColor",,,
,,,,,,
,,,,,,
,,,,,,
,,,,,,
,,,,,,
,,,,,,
,,,,,,
"#WHY ARE YOU HERE THIS IS FOR WAY LATER ON, DO THINGS THAT YOU ACTUALLY CAN RIGHT NOW.",,,,,,
#Questy Quests,,,,,,
# Space Octopus Mission,,,,,,
#bluemoon_spaceoct_Blurb1,bluemoon_spaceoct_blurb,,,,,
#bluemoon_spaceoct_OfferOption1,bluemoon_spaceoct_option,,,"""Ocp asked me to get an special animal for her, it is very very secret. No one shall see you. Simple.""",bluemoon_spaceoct_start:Ask about catching this curious animal,
#bluemoon_spaceoct_BlurbBar1,bluemoon_spaceoct_blurbBar,,,,,
#bluemoon_spaceoct_OfferOptionBar1,bluemoon_spaceoct_optionBar,,,"At the end of the bar, a rakish $bluemoon_spaceoct_manOrWoman is met by a variety of low-life characters who scurry away again almost immediately. Giving orders, perhaps.",bluemoon_spaceoct_startBar:Find out what the rakish $bluemoon_spaceoct_manOrWoman at the end of the bar is up to,
#bluemoon_spaceoct_OfferTextBar1,DialogOptionSelected,$option == bluemoon_spaceoct_startBar,"$missionId = bluemoon_spaceoct_mission
Highlight $bluemoon_spaceoct_dist $bluemoon_spaceoct_reward
Call $bluemoon_spaceoct_ref showMap ""Destination: $bluemoon_spaceoct_systemName""",,"contact_acceptBar:Accept
contact_declineBarNoContinue:Decline",
#bluemoon_spaceoct_OfferTextContact1,DialogOptionSelected,$option == bluemoon_spaceoct_start,"$missionId = bluemoon_spaceoct
Highlight $bluemoon_spaceoct_dist $bluemoon_spaceoct_reward
Call $bluemoon_spaceoct_ref showMap ""Destination: $bluemoon_spaceoct_systemName""","The $bluemoon_spaceoct_manOrWoman watches your approach. ""You want in on the business, that right?"" $heOrShe says, amused at your audacity.

""Let me give you a job so easy that any rad-addled spacer could manage it. But,"" $heOrShe shrugs regretfully, ""It's a real shame how many of 'em just can't follow instructions and end up getting tossed out an airlock."" $HeOrShe laughs like this is a good joke.

""Deliver the item to the specified location in $bluemoon_spaceoct_systemName, bluemoon_spaceoct_dist light years away."" $HeOrShe flips a TriPad out of $hisOrHer coat. The display shows $bluemoon_spaceoct_aOrAnThing. ""This is it. The reward is $bluemoon_spaceoct_reward credits. Don't be seen making the drop, and don't tell anyone about it.""","contact_accept:Accept
contact_decline:Decline",
# space octopus - node interaction,,,,"$PersonName looks you over silently for a moment, then nods, seemingly satisfied.

""I don't want any questions, it's a simple task. Deliver this item to the specified location in $bluemoon_spaceoct_systemName bluemoon_spaceoct_dist light-years away. Don't be seen making the drop, and don't tell anyone about it. The reward bluemoon_spaceoct_reward credits."" $HeOrShe taps at $hisOrHer datapad and your display is overlaid with bluemoon_spaceoct_aOrAnThing. 

""That is all there is to it. Do you accept my terms?""",,
#bluemoon_spaceoct_PrintHostilesText,OpenInteractionDialog,"$bluemoon_spaceoct_target score:1000
IsSeenByAnyFleet
Call $bluemoon_spaceoct_ref updateData",ShowDefaultVisual,,defaultLeave:Leave,
#bluemoon_spaceoct_ObjectInteraction,OpenInteractionDialog,"$bluemoon_spaceoct_target score:1000
Call $bluemoon_spaceoct_ref updateData",ShowDefaultVisual,"Your $shipOrFleet was recently detected - or is currently being tracked by - a nearby fleet, and dropping off the item at the specified location is extremely inadvisable.","bluemoon_spaceoct_scan:Drop it off in a stable orbit
defaultLeave:Leave",
#bluemoon_spaceoct_ObjectScan,DialogOptionSelected,$option == bluemoon_spaceoct_scan,"$bluemoon_spaceoct_completed = true
Call $bluemoon_spaceoct_ref updateStage","Your nav officer reports that your $shipOrFleet has arrived at the coordinates provided by $bluemoon_spaceoct_personName. The $bluemoon_spaceoct_bait is held gently in a cargo drone's manipulator arms, ready for deployment.

The go-button flashes softly on your command interface.",defaultLeave:Leave,
,,,,"The bay doors open, and the cargo drone extends its arms. Then, gently, its manipulators release.

It is now done. Whatever 'it' is.",,
